Dataset,Algorithm,Environment Type,Climate,Environment Size,n_agents,Budget (m),Likelihood Score,Time-Discounted Score,Victims Found (%),Area Covered (km²),Total Path Length (km)
1,RandomWalk,flat,temperate,medium,5,300000,0.10749587245097723,0.010317780099514789,23.0,2.838636933963288,300.0000000000005
1,Greedy,flat,temperate,medium,5,300000,0.2489629864311248,0.012170819680342754,65.0,7.6260663508399285,300.0000000000007
1,Spiral,flat,temperate,medium,5,300000,0.2764032264024489,0.008199666247056791,93.0,10.181000091427325,153.61823856611556
1,Concentric,flat,temperate,medium,5,300000,0.27744742233703723,0.008375849853804879,100.0,10.431351366554349,158.31540986329628
1,Pizza,flat,temperate,medium,5,300000,0.2775709606383369,0.010977160574711504,100.0,10.434630900816268,162.30760897707617
2,RandomWalk,flat,temperate,medium,5,300000,0.0930126287141934,0.007567415148802017,27.0,3.3058344975977803,300.00000000000017
2,Greedy,flat,temperate,medium,5,300000,0.17569098758685603,0.010128716065031114,66.0,7.147775974882595,300.0000000000004
2,Spiral,flat,temperate,medium,5,300000,0.21249246114717715,0.006000885109455903,99.0,10.18100009142705,153.61823856611545
2,Concentric,flat,temperate,medium,5,300000,0.21297549215941053,0.005886846230835256,100.0,10.431351366502788,158.31540986329605
2,Pizza,flat,temperate,medium,5,300000,0.21304427779976562,0.006740817361516542,100.0,10.434630900816671,162.3076089770763
3,RandomWalk,flat,temperate,medium,5,300000,0.09028319688593511,0.0046268431941918755,43.0,3.473178760213918,299.9999999999993
3,Greedy,flat,temperate,medium,5,300000,0.20560074985656296,0.008352533983422705,85.0,7.555021930428098,299.9999999999994
3,Spiral,flat,temperate,medium,5,300000,0.23906126223363147,0.005807689043249931,100.0,10.181000091427311,153.6182385661156
3,Concentric,flat,temperate,medium,5,300000,0.23932867686392326,0.005907179669688035,100.0,10.43135136655434,158.3154098632963
3,Pizza,flat,temperate,medium,5,300000,0.2395009957566807,0.007954674475866255,100.0,10.434630900816273,162.3076089770762
4,RandomWalk,flat,temperate,medium,5,300000,0.0978414427251498,0.004744369407557581,48.0,3.451939552570784,299.9999999999998
4,Greedy,flat,temperate,medium,5,300000,0.23652785201326296,0.007428669846835924,88.0,9.157397631781347,300.0000000000007
4,Spiral,flat,temperate,medium,5,300000,0.23738056131582355,0.0057292816819677255,99.0,10.181000091427068,153.61823856611545
4,Concentric,flat,temperate,medium,5,300000,0.23712552942891538,0.005693079556886836,100.0,10.431351366502815,158.31540986329608
4,Pizza,flat,temperate,medium,5,300000,0.23725948420459797,0.007171173237072049,100.0,10.434630900816662,162.3076089770763
5,RandomWalk,flat,temperate,medium,5,300000,0.11238027654583832,0.006128986233181578,38.0,4.096902295211085,299.9999999999998
5,Greedy,flat,temperate,medium,5,300000,0.22689844142293408,0.00855718843544944,88.0,8.704488349002812,299.99999999999903
5,Spiral,flat,temperate,medium,5,300000,0.24187942161193715,0.00578374181028535,97.0,10.181000091427325,153.61823856611556
5,Concentric,flat,temperate,medium,5,300000,0.24190631218736883,0.005709074460888701,100.0,10.431351366554349,158.31540986329628
5,Pizza,flat,temperate,medium,5,300000,0.24212198364708715,0.006752002614683077,100.0,10.434630900816268,162.30760897707617
6,RandomWalk,flat,temperate,medium,5,300000,0.08334493799817129,0.005718614117879331,28.999999999999996,2.917747978495299,299.9999999999998
6,Greedy,flat,temperate,medium,5,300000,0.23005616572447682,0.007470511558799318,95.0,9.013677000838547,300.00000000000034
6,Spiral,flat,temperate,medium,5,300000,0.23024192890917863,0.005007042962722381,100.0,10.181000091427068,153.61823856611545
6,Concentric,flat,temperate,medium,5,300000,0.23077401509527942,0.005111048417752446,100.0,10.431351366502815,158.31540986329608
6,Pizza,flat,temperate,medium,5,300000,0.23094179794830283,0.006688815627024044,100.0,10.434630900816662,162.3076089770763
7,RandomWalk,flat,temperate,medium,5,300000,0.08702758512743608,0.0067783346462266,25.0,3.2858491366846287,299.9999999999994
7,Greedy,flat,temperate,medium,5,300000,0.20689604095457445,0.008179828851566718,79.0,8.343538267541977,300.0000000000001
7,Spiral,flat,temperate,medium,5,300000,0.22297140377963526,0.004435860963373205,100.0,10.181000091427041,153.61823856611545
7,Concentric,flat,temperate,medium,5,300000,0.22382672871754958,0.004474015966647081,100.0,10.431351366502804,158.31540986329608
7,Pizza,flat,temperate,medium,5,300000,0.22394488257593337,0.0059149139318530495,100.0,10.43463090081667,162.3076089770763
8,RandomWalk,flat,temperate,medium,5,300000,0.07171998843380116,0.0034736305991769256,24.0,3.1992074223911904,300.00000000000017
8,Greedy,flat,temperate,medium,5,300000,0.17889165410500674,0.007989764665799013,80.0,7.955350238258519,300.00000000000017
8,Spiral,flat,temperate,medium,5,300000,0.20343896067684258,0.005393940946236153,93.0,10.181000091427068,153.61823856611545
8,Concentric,flat,temperate,medium,5,300000,0.20411863327250165,0.005194629650958133,100.0,10.431351366502815,158.31540986329608
8,Pizza,flat,temperate,medium,5,300000,0.204466030061141,0.004130088115493568,100.0,10.434630900816662,162.3076089770763
9,RandomWalk,flat,temperate,medium,5,300000,0.10157820887801644,0.004840375677947666,41.0,3.9916763948825644,299.99999999999926
9,Greedy,flat,temperate,medium,5,300000,0.19406200844023774,0.006657547996613006,79.0,7.815264411490128,300.0000000000004
9,Spiral,flat,temperate,medium,5,300000,0.23056870676789895,0.004186880156464082,99.0,10.181000091427311,153.6182385661156
9,Concentric,flat,temperate,medium,5,300000,0.23099706562528338,0.004259341809395966,100.0,10.43135136655434,158.3154098632963
9,Pizza,flat,temperate,medium,5,300000,0.2310297607565321,0.005606137342532656,100.0,10.434630900816273,162.3076089770762
10,RandomWalk,flat,temperate,medium,5,300000,0.0739083344067339,0.002236701299474195,34.0,2.915710890317514,300.0000000000002
10,Greedy,flat,temperate,medium,5,300000,0.16098102713826462,0.0077585682706199696,81.0,5.144741774760809,300.00000000000034
10,Spiral,flat,temperate,medium,5,300000,0.1859655912831386,0.0016333089641639615,98.0,10.181000091427325,153.61823856611556
10,Concentric,flat,temperate,medium,5,300000,0.1862880192341698,0.0015002944896054936,100.0,10.431351366554349,158.31540986329628
10,Pizza,flat,temperate,medium,5,300000,0.18601268897050358,0.005211673597192372,100.0,10.434630900816268,162.30760897707617
11,RandomWalk,flat,temperate,medium,5,300000,0.13503518570149933,0.009146349758054348,25.0,3.657817679714487,300.00000000000125
11,Greedy,flat,temperate,medium,5,300000,0.2727067150443385,0.012620277282750303,84.0,8.107193630003625,300.00000000000034
11,Spiral,flat,temperate,medium,5,300000,0.3053462448148192,0.007432441973688926,98.0,10.181000091427325,153.61823856611556
11,Concentric,flat,temperate,medium,5,300000,0.30593762234404487,0.007594610345265911,100.0,10.431351366554349,158.31540986329628
11,Pizza,flat,temperate,medium,5,300000,0.3061591207036002,0.009871908081720018,100.0,10.434630900816268,162.30760897707617
12,RandomWalk,flat,temperate,medium,5,300000,0.1140458108813789,0.009002751787453925,28.999999999999996,3.1324513256583466,299.99999999999994
12,Greedy,flat,temperate,medium,5,300000,0.2984905673405774,0.010159823195236506,88.0,8.953628703099776,299.9999999999998
12,Spiral,flat,temperate,medium,5,300000,0.3101687913358398,0.006670979628708394,97.0,10.181000091427325,153.61823856611556
12,Concentric,flat,temperate,medium,5,300000,0.3108326302137955,0.006619678557512584,100.0,10.431351366554349,158.31540986329628
12,Pizza,flat,temperate,medium,5,300000,0.3111533371603967,0.00822475591730973,100.0,10.434630900816268,162.30760897707617
13,RandomWalk,flat,temperate,medium,5,300000,0.12432506776684,0.006799554599529876,21.0,3.090167852955452,299.99999999999903
13,Greedy,flat,temperate,medium,5,300000,0.27497626677677706,0.010862212382559243,75.0,7.741573339496646,300.0000000000001
13,Spiral,flat,temperate,medium,5,300000,0.3247863125978066,0.007097449946332914,98.0,10.181000091427068,153.61823856611545
13,Concentric,flat,temperate,medium,5,300000,0.3256516742473781,0.007215020144808873,100.0,10.431351366502815,158.31540986329608
13,Pizza,flat,temperate,medium,5,300000,0.3258623334578928,0.009264372533247476,100.0,10.434630900816662,162.3076089770763
14,RandomWalk,flat,temperate,medium,5,300000,0.10414633211369578,0.009071348261891826,26.0,2.763893951268676,300.0
14,Greedy,flat,temperate,medium,5,300000,0.27793827937294185,0.012905853977686487,90.0,7.512899887119957,300.0000000000006
14,Spiral,flat,temperate,medium,5,300000,0.29248292928861874,0.008869045731802628,98.0,10.181000091427041,153.61823856611545
14,Concentric,flat,temperate,medium,5,300000,0.2939260412581066,0.009070232704743265,100.0,10.431351366502804,158.31540986329608
14,Pizza,flat,temperate,medium,5,300000,0.29415156429336237,0.0112342233850528,100.0,10.43463090081667,162.3076089770763
15,RandomWalk,flat,temperate,medium,5,300000,0.12482110508188482,0.00964644906478591,26.0,3.1505734777425074,299.9999999999998
15,Greedy,flat,temperate,medium,5,300000,0.26615537696942587,0.01899259963949268,56.00000000000001,5.665295384161636,299.9999999999996
15,Spiral,flat,temperate,medium,5,300000,0.32908276411504617,0.008279556430217215,99.0,10.181000091427041,153.61823856611545
15,Concentric,flat,temperate,medium,5,300000,0.32851635114484146,0.00813211273498389,100.0,10.431351366502804,158.31540986329608
15,Pizza,flat,temperate,medium,5,300000,0.3289674259349166,0.008503331389108403,100.0,10.43463090081667,162.3076089770763
16,RandomWalk,mountainous,temperate,medium,5,300000,0.044016273831043555,0.0002394334114197052,13.0,3.8506772770246,299.9999999999999
16,Greedy,mountainous,temperate,medium,5,300000,0.13981549532708995,0.0011603018712142245,53.0,9.828310609826175,300.0
16,Spiral,mountainous,temperate,medium,5,300000,0.17949118353401924,8.642064853491971e-05,68.0,19.896533265788104,299.99999999999966
16,Concentric,mountainous,temperate,medium,5,300000,0.1767329178952056,7.269744594562366e-05,67.0,19.830511227949057,300.00000000000057
16,Pizza,mountainous,temperate,medium,5,300000,0.19945883579780901,0.0009405080204323745,74.0,19.436370453994805,299.9999999999999
17,RandomWalk,mountainous,temperate,medium,5,300000,0.03318085859455748,0.00096301685167499,6.0,3.097222309061464,300.0000000000004
17,Greedy,mountainous,temperate,medium,5,300000,0.13791555445420137,0.003600128610656882,49.0,13.585261679154776,299.99999999999915
17,Spiral,mountainous,temperate,medium,5,300000,0.16753398218403914,0.0011522494146454572,66.0,19.896533265787845,299.9999999999986
17,Concentric,mountainous,temperate,medium,5,300000,0.16773006864157522,0.001188536568718081,62.0,19.830511227949103,299.9999999999998
17,Pizza,mountainous,temperate,medium,5,300000,0.1788793588538436,0.0015827681197056243,59.0,19.4363704539946,300.0000000000006
18,RandomWalk,mountainous,temperate,medium,5,300000,0.021400357496583124,0.0009193660498799635,9.0,3.1973760076860325,300.0000000000004
18,Greedy,mountainous,temperate,medium,5,300000,0.11067176861845036,0.00025165381745817327,46.0,9.61097132545235,300.0000000000001
18,Spiral,mountainous,temperate,medium,5,300000,0.12978638873074108,0.0004545591043973658,64.0,19.896533265787923,299.99999999999983
18,Concentric,mountainous,temperate,medium,5,300000,0.12672553355350802,0.0003952741735190911,64.0,19.830511227949085,299.99999999999983
18,Pizza,mountainous,temperate,medium,5,300000,0.14482562699744553,0.0005214845800716078,71.0,19.436370453994584,300.0000000000006
19,RandomWalk,mountainous,temperate,medium,5,300000,0.04769121274909642,0.0021092415356051986,13.0,3.0400886113427106,300.0000000000007
19,Greedy,mountainous,temperate,medium,5,300000,0.158605431503784,0.00396294640327861,39.0,11.120334693148727,300.00000000000006
19,Spiral,mountainous,temperate,medium,5,300000,0.19936665570272372,0.0015061193528889737,62.0,19.896533265787845,299.9999999999986
19,Concentric,mountainous,temperate,medium,5,300000,0.19981869746778222,0.001614714897811832,60.0,19.830511227949103,299.9999999999998
19,Pizza,mountainous,temperate,medium,5,300000,0.22148837965245682,0.0027529608710610584,55.00000000000001,19.4363704539946,300.0000000000006
20,RandomWalk,mountainous,temperate,medium,5,300000,0.04276071597490582,0.0020695267750350773,11.0,3.785518282372218,300.0000000000007
20,Greedy,mountainous,temperate,medium,5,300000,0.16895177945975695,0.0046872675596164514,55.00000000000001,13.477717747193152,299.99999999999966
20,Spiral,mountainous,temperate,medium,5,300000,0.17606846135889834,0.0019702963609391044,67.0,19.896533265787845,299.9999999999986
20,Concentric,mountainous,temperate,medium,5,300000,0.1775770486590043,0.0020741525787136765,65.0,19.830511227949103,299.9999999999998
20,Pizza,mountainous,temperate,medium,5,300000,0.1980467909087796,0.003195622805910304,69.0,19.4363704539946,300.0000000000006
21,RandomWalk,mountainous,temperate,medium,5,300000,0.05976741038649298,0.0025744194667400517,9.0,4.373078759161841,300.00000000000017
21,Greedy,mountainous,temperate,medium,5,300000,0.15838150420870095,0.0032206800187761474,36.0,11.163601054995658,300.0
21,Spiral,mountainous,temperate,medium,5,300000,0.20340344667354215,0.0014392142561766696,63.0,19.896533265787948,299.9999999999991
21,Concentric,mountainous,temperate,medium,5,300000,0.20307664868027256,0.0014768958809351213,67.0,19.83051122794908,300.0000000000007
21,Pizza,mountainous,temperate,medium,5,300000,0.22604399161855954,0.002101427720172899,62.0,19.43637045399479,299.99999999999983
22,RandomWalk,mountainous,temperate,medium,5,300000,0.022189506808220856,0.0016274853841964903,4.0,3.54635836096525,299.9999999999993
22,Greedy,mountainous,temperate,medium,5,300000,0.11031691801613919,0.003400566270753204,43.0,9.90315816728876,300.00000000000034
22,Spiral,mountainous,temperate,medium,5,300000,0.15505393521687824,0.0007920732878247136,69.0,19.896533265787923,299.99999999999983
22,Concentric,mountainous,temperate,medium,5,300000,0.1503870621968666,0.0008454587082916672,60.0,19.830511227949085,299.99999999999983
22,Pizza,mountainous,temperate,medium,5,300000,0.15580387252472835,0.0011998485124632685,53.0,19.436370453994584,300.0000000000006
23,RandomWalk,mountainous,temperate,medium,5,300000,0.04992110222346643,0.0003039687263339778,13.0,3.875747405778614,300.00000000000006
23,Greedy,mountainous,temperate,medium,5,300000,0.12867877365809233,0.004608852799777694,57.99999999999999,9.323765285875453,299.9999999999998
23,Spiral,mountainous,temperate,medium,5,300000,0.13133462303289098,0.0008528856087658896,63.0,19.896533265787888,299.9999999999998
23,Concentric,mountainous,temperate,medium,5,300000,0.13509554955766387,0.0008301637030863186,62.0,19.83051122794895,299.9999999999998
23,Pizza,mountainous,temperate,medium,5,300000,0.1531437953069451,0.0020664781939103254,52.0,19.436370453994538,300.0000000000007
24,RandomWalk,mountainous,temperate,medium,5,300000,0.026870166483921355,0.0015427966224331015,8.0,2.601642732842166,300.0000000000007
24,Greedy,mountainous,temperate,medium,5,300000,0.12910764446882783,0.002121347236698448,47.0,13.992240048317512,299.99999999999864
24,Spiral,mountainous,temperate,medium,5,300000,0.14228104730890237,0.0009538779622867021,62.0,19.896533265787845,299.9999999999986
24,Concentric,mountainous,temperate,medium,5,300000,0.14247813819657867,0.0009788705846979617,59.0,19.830511227949103,299.9999999999998
24,Pizza,mountainous,temperate,medium,5,300000,0.15476613317013904,0.001393365360060615,63.0,19.4363704539946,300.0000000000006
25,RandomWalk,mountainous,temperate,medium,5,300000,0.031223770258806117,0.0007221833870303236,20.0,3.518120431992834,300.0000000000001
25,Greedy,mountainous,temperate,medium,5,300000,0.10762567634821679,0.0020448463820916625,47.0,11.935888565401013,299.9999999999999
25,Spiral,mountainous,temperate,medium,5,300000,0.13558305875367793,0.0008859483002601737,62.0,19.896533265787923,299.99999999999983
25,Concentric,mountainous,temperate,medium,5,300000,0.13560333813031641,0.0009383432920212219,66.0,19.830511227949085,299.99999999999983
25,Pizza,mountainous,temperate,medium,5,300000,0.1475869973530822,0.001424612492132913,62.0,19.436370453994584,300.0000000000006
26,RandomWalk,mountainous,temperate,medium,5,300000,0.07271606751536248,0.002236673779090456,23.0,3.7863600021569295,299.9999999999998
26,Greedy,mountainous,temperate,medium,5,300000,0.16737706581629583,0.006978573779308657,56.00000000000001,8.521147975292843,299.9999999999989
26,Spiral,mountainous,temperate,medium,5,300000,0.2037167918985429,0.0019463659639815186,71.0,19.896533265787923,299.99999999999983
26,Concentric,mountainous,temperate,medium,5,300000,0.20168665109382494,0.002087760367316166,68.0,19.830511227949085,299.99999999999983
26,Pizza,mountainous,temperate,medium,5,300000,0.22059635778831185,0.004199502463898019,68.0,19.436370453994584,300.0000000000006
27,RandomWalk,mountainous,temperate,medium,5,300000,0.013365126101580712,2.0900717478267547e-09,3.0,3.257478180363574,300.00000000000006
27,Greedy,mountainous,temperate,medium,5,300000,0.045417257096875656,1.817709616210222e-05,19.0,4.906140377550698,300.0000000000001
27,Spiral,mountainous,temperate,medium,5,300000,0.09872699231427123,2.59338133429692e-12,62.0,19.896533265787923,299.99999999999983
27,Concentric,mountainous,temperate,medium,5,300000,0.09322466075419714,1.1427166299217948e-12,53.0,19.830511227949085,299.99999999999983
27,Pizza,mountainous,temperate,medium,5,300000,0.07957226664467562,3.5332263985446872e-06,33.0,19.436370453994584,300.0000000000006
28,RandomWalk,mountainous,temperate,medium,5,300000,0.058446460431545603,0.00012225085973437981,20.0,3.552712882159816,300.00000000000017
28,Greedy,mountainous,temperate,medium,5,300000,0.20457317594579008,0.003505909401526073,63.0,4.27911731247835,299.99999999999966
28,Spiral,mountainous,temperate,medium,5,300000,0.24536138494302548,1.1728313461267783e-05,63.0,19.896533265787948,299.9999999999991
28,Concentric,mountainous,temperate,medium,5,300000,0.25073258786134,2.357940156284674e-05,61.0,19.83051122794908,300.0000000000007
28,Pizza,mountainous,temperate,medium,5,300000,0.29120643675886254,0.004984370069406919,82.0,19.43637045399479,299.99999999999983
29,RandomWalk,mountainous,temperate,medium,5,300000,0.028273890184488042,0.00234961442583159,3.0,3.6639916913964155,299.99999999999943
29,Greedy,mountainous,temperate,medium,5,300000,0.18257705638223184,0.007763552288444736,48.0,11.143596113595182,300.00000000000006
29,Spiral,mountainous,temperate,medium,5,300000,0.18454443568693918,0.0010089249310777032,60.0,19.896533265787923,299.99999999999983
29,Concentric,mountainous,temperate,medium,5,300000,0.1898994337613328,0.0011193987703383894,56.99999999999999,19.830511227949085,299.99999999999983
29,Pizza,mountainous,temperate,medium,5,300000,0.22430451332782828,0.001940788470213472,76.0,19.436370453994584,300.0000000000006
30,RandomWalk,mountainous,temperate,medium,5,300000,0.05518627155967878,0.00020681337320061367,23.0,3.473158287555706,300.00000000000006
30,Greedy,mountainous,temperate,medium,5,300000,0.21349159995501552,0.0061759125856364495,56.99999999999999,10.239763424448636,300.0
30,Spiral,mountainous,temperate,medium,5,300000,0.2346761720402262,0.0005136955165543964,69.0,19.896533265787888,299.9999999999998
30,Concentric,mountainous,temperate,medium,5,300000,0.23709492803712542,0.0004601184312783742,69.0,19.83051122794895,299.9999999999998
30,Pizza,mountainous,temperate,medium,5,300000,0.28706738717513575,0.0021307426965807147,84.0,19.436370453994538,300.0000000000007
31,RandomWalk,flat,dry,medium,5,300000,0.06688831107652846,1.8121002029750325e-09,28.999999999999996,3.6622643681161775,299.99999999999983
31,Greedy,flat,dry,medium,5,300000,0.1465981214326714,2.638888908987047e-07,71.0,5.35996459316735,300.00000000000006
31,Spiral,flat,dry,medium,5,300000,0.18095303670465965,7.328482997967315e-05,99.0,13.856769137577615,209.0805295421799
31,Concentric,flat,dry,medium,5,300000,0.18020663663394265,8.313701009298351e-05,99.0,13.687792475253133,207.58626227618768
31,Pizza,flat,dry,medium,5,300000,0.18016082408998127,0.001029983264776485,99.0,13.691072804383936,212.16980046765994
32,RandomWalk,flat,dry,medium,5,300000,0.053785544462749,0.001351718481964094,21.0,3.3899589269560777,300.0
32,Greedy,flat,dry,medium,5,300000,0.16077866598209067,0.0034135334961873957,67.0,9.073279189658036,300.0
32,Spiral,flat,dry,medium,5,300000,0.2018623938797181,0.0009719703183797189,100.0,13.856769137577741,209.08052954218007
32,Concentric,flat,dry,medium,5,300000,0.20084968927263683,0.0009371496948151135,99.0,13.687792475280904,207.58626227618873
32,Pizza,flat,dry,medium,5,300000,0.20081390539648605,0.0017960688361250306,99.0,13.691072804384113,212.16980046766173
33,RandomWalk,flat,dry,medium,5,300000,0.07278075895968206,0.007611439102020522,22.0,2.6785646388907134,299.99999999999994
33,Greedy,flat,dry,medium,5,300000,0.197673234495157,0.020572969886008312,62.0,5.264052136257476,300.0000000000005
33,Spiral,flat,dry,medium,5,300000,0.24098262319532676,0.0037779927722745355,100.0,13.856769137577619,209.0805295421799
33,Concentric,flat,dry,medium,5,300000,0.23810413123147964,0.003559912090308323,100.0,13.687792475253133,207.58626227618768
33,Pizza,flat,dry,medium,5,300000,0.23861954393297496,0.006830118638667098,100.0,13.691072804383952,212.16980046765997
34,RandomWalk,flat,dry,medium,5,300000,0.010797138780067328,1.7400526536454873e-17,14.000000000000002,3.4221649539373935,300.0000000000001
34,Greedy,flat,dry,medium,5,300000,0.018289286067932196,1.5237554636266475e-84,40.0,3.494867200233875,299.9999999999999
34,Spiral,flat,dry,medium,5,300000,0.045324037458297425,6.003046621134497e-17,100.0,13.856769137577555,209.08052954218044
34,Concentric,flat,dry,medium,5,300000,0.0446844064935779,8.762550020152782e-17,99.0,13.68779247532254,207.5862622761895
34,Pizza,flat,dry,medium,5,300000,0.044991711934259826,5.860657472406476e-09,99.0,13.69107280438377,212.1698004676618
35,RandomWalk,flat,dry,medium,5,300000,0.049421181551925895,9.850195251774501e-05,17.0,4.168950552536621,299.9999999999998
35,Greedy,flat,dry,medium,5,300000,0.16669766832341468,6.308105052953356e-08,64.0,6.373997387086159,299.99999999999966
35,Spiral,flat,dry,medium,5,300000,0.228751125444794,5.453036910022988e-07,100.0,13.856769137577622,209.08052954217985
35,Concentric,flat,dry,medium,5,300000,0.22702362346160088,1.1107193059274728e-06,97.0,13.687792475253115,207.58626227618768
35,Pizza,flat,dry,medium,5,300000,0.22713151228257172,0.0006773258525014583,97.0,13.691072804383941,212.16980046765994
36,RandomWalk,flat,dry,medium,5,300000,0.07399910913210067,0.0012693346337714286,23.0,3.4072671536580357,300.0
36,Greedy,flat,dry,medium,5,300000,0.252231131842036,0.004482587584338667,80.0,11.120371061783313,299.9999999999998
36,Spiral,flat,dry,medium,5,300000,0.28039934842551834,0.0012561925611371458,99.0,13.8567691375777,209.08052954218013
36,Concentric,flat,dry,medium,5,300000,0.27859650142856635,0.0012111897424912784,98.0,13.687792475322825,207.58626227618814
36,Pizza,flat,dry,medium,5,300000,0.2786091831572014,0.002321702916243225,98.0,13.691072804383705,212.16980046766008
37,RandomWalk,flat,dry,medium,5,300000,0.02561268783505406,0.0006680963913476596,32.0,3.7068307071810023,300.0000000000001
37,Greedy,flat,dry,medium,5,300000,0.0686532456914361,0.003723284040598255,64.0,5.909705335954475,300.0000000000001
37,Spiral,flat,dry,medium,5,300000,0.09689174913797696,0.0005447103489225432,99.0,13.856769137577732,209.08052954218007
37,Concentric,flat,dry,medium,5,300000,0.09634701630114813,0.0004835772123611694,95.0,13.687792475280942,207.58626227618873
37,Pizza,flat,dry,medium,5,300000,0.09616167160718159,0.0010703291893199446,95.0,13.691072804384087,212.1698004676618
38,RandomWalk,flat,dry,medium,5,300000,0.03233480357336973,0.0003045603053866698,18.0,3.440307402986273,300.00000000000017
38,Greedy,flat,dry,medium,5,300000,0.1280167534402619,0.004875339902114479,84.0,5.253522780529823,299.9999999999999
38,Spiral,flat,dry,medium,5,300000,0.14204191778161432,0.00037758051980447277,99.0,13.856769137577738,209.08052954218007
38,Concentric,flat,dry,medium,5,300000,0.14104111883735795,0.0003743826891690138,98.0,13.687792475280927,207.58626227618873
38,Pizza,flat,dry,medium,5,300000,0.14118828366825661,0.0004698383472398832,98.0,13.691072804384117,212.16980046766173
39,RandomWalk,flat,dry,medium,5,300000,0.0395436841176714,0.0019428906934332059,18.0,3.743821834236599,299.99999999999955
39,Greedy,flat,dry,medium,5,300000,0.08950967320707119,0.02033302116552467,49.0,4.135986402745329,300.0000000000001
39,Spiral,flat,dry,medium,5,300000,0.1554421319173915,0.0006316918309442811,99.0,13.856769137577722,209.0805295421801
39,Concentric,flat,dry,medium,5,300000,0.154646923819107,0.0007356801024651642,100.0,13.687792475322771,207.58626227618817
39,Pizza,flat,dry,medium,5,300000,0.15464986004211997,0.00085582039264782,100.0,13.691072804383696,212.16980046766005
40,RandomWalk,flat,dry,medium,5,300000,0.028908492876361113,9.909976252883582e-05,28.999999999999996,3.759320991422027,299.99999999999966
40,Greedy,flat,dry,medium,5,300000,0.07257506944741374,8.805015262196822e-06,63.0,4.668157861059547,300.0000000000002
40,Spiral,flat,dry,medium,5,300000,0.09096239674954347,9.20995174264197e-05,99.0,13.856769137577714,209.08052954218013
40,Concentric,flat,dry,medium,5,300000,0.09062866827100903,7.928465288126807e-05,99.0,13.68779247532279,207.58626227618814
40,Pizza,flat,dry,medium,5,300000,0.09052973985674086,0.00026605561088555065,99.0,13.691072804383685,212.16980046766005
41,RandomWalk,flat,dry,medium,5,300000,0.028466078725798854,0.0006208409674468096,14.000000000000002,3.111157239946962,300.0000000000001
41,Greedy,flat,dry,medium,5,300000,0.08825656151046624,0.0013262365996661966,63.0,6.551641848233034,300.00000000000085
41,Spiral,flat,dry,medium,5,300000,0.11393505667426924,0.0004661096095200867,99.0,13.85676913757771,209.08052954218007
41,Concentric,flat,dry,medium,5,300000,0.11260717166209047,0.0003655620228186422,96.0,13.687792475322805,207.58626227618817
41,Pizza,flat,dry,medium,5,300000,0.11272902254411388,0.00027318175167370966,96.0,13.69107280438371,212.16980046766008
42,RandomWalk,flat,dry,medium,5,300000,0.013912089091421559,2.63164706268521e-30,18.0,3.518579353796834,300.0000000000003
42,Greedy,flat,dry,medium,5,300000,0.05723103218451099,0.007456930219626753,49.0,4.841030160022391,299.9999999999999
42,Spiral,flat,dry,medium,5,300000,0.08759288096880198,0.00018075517284714518,96.0,13.856769137577741,209.08052954218007
42,Concentric,flat,dry,medium,5,300000,0.08728933570322098,0.00016952192635085622,96.0,13.687792475280904,207.58626227618873
42,Pizza,flat,dry,medium,5,300000,0.08718078148603528,0.0005683834468096987,96.0,13.691072804384113,212.16980046766173
43,RandomWalk,flat,dry,medium,5,300000,0.03533589827114466,0.0013818826621097477,23.0,3.619566011904015,299.9999999999998
43,Greedy,flat,dry,medium,5,300000,0.09615353324526149,0.003446436594213779,79.0,7.631452991118314,300.00000000000074
43,Spiral,flat,dry,medium,5,300000,0.12315162931705871,0.0003604983369478165,98.0,13.856769137577619,209.0805295421799
43,Concentric,flat,dry,medium,5,300000,0.1223968428878568,0.0003771282832176062,97.0,13.687792475253133,207.58626227618768
43,Pizza,flat,dry,medium,5,300000,0.12236422696079521,0.0010918660306656227,97.0,13.691072804383952,212.16980046765997
44,RandomWalk,flat,dry,medium,5,300000,0.05842260984272661,8.823190524609877e-08,21.0,4.404422677389651,300.0000000000001
44,Greedy,flat,dry,medium,5,300000,0.18388953947319353,0.0008532694867402489,60.0,5.937275426290139,299.99999999999983
44,Spiral,flat,dry,medium,5,300000,0.2359143833673573,8.567352091823931e-05,98.0,13.856769137577587,209.0805295421803
44,Concentric,flat,dry,medium,5,300000,0.2318860467907454,0.00013955659562172107,96.0,13.687792475252834,207.58626227618925
44,Pizza,flat,dry,medium,5,300000,0.23199172078303,0.002207100277403095,96.0,13.691072804383992,212.1698004676615
45,RandomWalk,flat,dry,medium,5,300000,0.053996212835397614,0.0014300124335953706,27.0,3.921119240550067,300.0000000000001
45,Greedy,flat,dry,medium,5,300000,0.16297746074873043,0.0034006584008307653,73.0,9.724400016553282,300.0000000000001
45,Spiral,flat,dry,medium,5,300000,0.19254143526133083,0.0007855793097701611,100.0,13.856769137577732,209.08052954218007
45,Concentric,flat,dry,medium,5,300000,0.19140635321708346,0.0007590330439548755,98.0,13.687792475280942,207.58626227618873
45,Pizza,flat,dry,medium,5,300000,0.1914215355498568,0.0017151176229567612,98.0,13.691072804384087,212.1698004676618
46,RandomWalk,mountainous,dry,medium,5,300000,0.03063230161480666,0.0003752416450342141,20.0,4.382206171955557,300.0000000000001
46,Greedy,mountainous,dry,medium,5,300000,0.13192961473360446,0.003416416052284663,44.0,10.561497723678936,299.9999999999996
46,Spiral,mountainous,dry,medium,5,300000,0.13490166448606686,0.00010103535316428286,56.00000000000001,19.8962758365158,300.0000000000002
46,Concentric,mountainous,dry,medium,5,300000,0.13351133095763285,0.00012379149246967818,57.99999999999999,19.83379915215168,300.00000000000017
46,Pizza,mountainous,dry,medium,5,300000,0.14574930693101162,0.0004771092925878272,64.0,19.436370453994375,300.0000000000001
47,RandomWalk,mountainous,dry,medium,5,300000,0.027035179582809078,0.00036112195057713583,3.0,3.4209623967682186,300.0000000000005
47,Greedy,mountainous,dry,medium,5,300000,0.1416720759853206,0.0017561121509017531,43.0,15.284663109813922,300.0000000000001
47,Spiral,mountainous,dry,medium,5,300000,0.14742129273373647,0.00037601010355121684,51.0,19.89627583651525,300.00000000000017
47,Concentric,mountainous,dry,medium,5,300000,0.14651758513568997,0.00037791708844919493,51.0,19.833799152150938,300.0000000000003
47,Pizza,mountainous,dry,medium,5,300000,0.15923735260552624,0.0007737178361449254,52.0,19.43637045399453,299.9999999999999
48,RandomWalk,mountainous,dry,medium,5,300000,0.004703377658313969,0.00020677976282698998,1.0,2.786079233851524,299.99999999999983
48,Greedy,mountainous,dry,medium,5,300000,0.051838677336196196,0.0007979276400862711,21.0,5.957355260982689,299.9999999999995
48,Spiral,mountainous,dry,medium,5,300000,0.06810323543882468,0.00010721361031811068,48.0,19.896275836515635,300.00000000000074
48,Concentric,mountainous,dry,medium,5,300000,0.07134032046516278,6.349636871120723e-05,48.0,19.83379915215162,300.0
48,Pizza,mountainous,dry,medium,5,300000,0.050201173090400314,0.00019880968384974226,28.000000000000004,19.436370453994805,299.9999999999999
49,RandomWalk,mountainous,dry,medium,5,300000,0.01667737613550512,6.550628749870237e-08,10.0,3.79701733701797,300.0000000000003
49,Greedy,mountainous,dry,medium,5,300000,0.05961179347875506,6.770235762739482e-05,43.0,4.326225943490701,300.0
49,Spiral,mountainous,dry,medium,5,300000,0.08243214846135653,7.39752611680735e-11,66.0,19.89627583651582,300.00000000000017
49,Concentric,mountainous,dry,medium,5,300000,0.08331173135930058,3.215952625964754e-11,62.0,19.833799152151734,300.00000000000017
49,Pizza,mountainous,dry,medium,5,300000,0.08492870521457599,2.5226858358626264e-09,53.0,19.436370453994424,300.00000000000017
50,RandomWalk,mountainous,dry,medium,5,300000,0.04065953137373466,0.0024861345318904454,24.0,3.7720561641712798,299.99999999999943
50,Greedy,mountainous,dry,medium,5,300000,0.07088901976830946,0.004476553933353182,41.0,5.7284721476034335,299.99999999999955
50,Spiral,mountainous,dry,medium,5,300000,0.11265916015289837,0.0007988908885004998,56.99999999999999,19.896275836515642,300.0000000000009
50,Concentric,mountainous,dry,medium,5,300000,0.10882507856562887,0.0008296705948872711,56.99999999999999,19.833799152151613,300.0000000000001
50,Pizza,mountainous,dry,medium,5,300000,0.13031104372238503,0.0014738584191737116,64.0,19.43637045399482,299.9999999999999
51,RandomWalk,mountainous,dry,medium,5,300000,0.03939657181408674,0.0005572045162969565,12.0,3.8164183476479234,300.00000000000034
51,Greedy,mountainous,dry,medium,5,300000,0.13467801738211027,0.0024093735293213275,30.0,13.301967145096054,300.0000000000002
51,Spiral,mountainous,dry,medium,5,300000,0.13743137023653373,0.00046834262760812325,60.0,19.896275836515265,300.0000000000006
51,Concentric,mountainous,dry,medium,5,300000,0.13759407874025995,0.00047382621627851035,59.0,19.833799152151215,300.0000000000006
51,Pizza,mountainous,dry,medium,5,300000,0.14945134402120516,0.0008907704384738826,62.0,19.4363704539946,300.0000000000006
52,RandomWalk,mountainous,dry,medium,5,300000,0.039972707140950775,0.00032526262032764563,11.0,3.9516745054762503,300.0000000000002
52,Greedy,mountainous,dry,medium,5,300000,0.1463957090117427,0.0029248684940811715,44.0,11.254190844901329,300.0000000000007
52,Spiral,mountainous,dry,medium,5,300000,0.15654865985408287,0.0007165983353475045,61.0,19.896275836515294,300.0000000000007
52,Concentric,mountainous,dry,medium,5,300000,0.15694472569268744,0.0007683564144708935,66.0,19.833799152151226,300.0000000000006
52,Pizza,mountainous,dry,medium,5,300000,0.18137843491201525,0.0018771447886277255,68.0,19.436370453994584,300.0000000000006
53,RandomWalk,mountainous,dry,medium,5,300000,0.014177601705591186,5.6174659458654754e-08,7.000000000000001,3.9808120097643553,299.99999999999966
53,Greedy,mountainous,dry,medium,5,300000,0.0488711765523586,7.94342931713375e-11,44.0,5.827871099229124,300.0000000000003
53,Spiral,mountainous,dry,medium,5,300000,0.0628348528765586,6.43332083445808e-17,64.0,19.896275836515294,300.0000000000007
53,Concentric,mountainous,dry,medium,5,300000,0.06297767851880766,1.70840192595814e-17,62.0,19.833799152151226,300.0000000000006
53,Pizza,mountainous,dry,medium,5,300000,0.0680451177931383,1.0732793523124909e-10,65.0,19.436370453994584,300.0000000000006
54,RandomWalk,mountainous,dry,medium,5,300000,0.028107818536394026,0.0012554678685010455,10.0,3.102538661765384,299.9999999999992
54,Greedy,mountainous,dry,medium,5,300000,0.13742593036785236,0.002087866419504052,44.0,14.860638157798295,300.00000000000097
54,Spiral,mountainous,dry,medium,5,300000,0.1456478882912058,0.00029711060272393874,55.00000000000001,19.896275836515716,300.0000000000007
54,Concentric,mountainous,dry,medium,5,300000,0.14461522770539068,0.0003072418027805854,56.99999999999999,19.833799152151645,300.0
54,Pizza,mountainous,dry,medium,5,300000,0.15887453531407827,0.0006534564582320667,56.00000000000001,19.43637045399479,299.99999999999983
55,RandomWalk,mountainous,dry,medium,5,300000,0.008014996796284566,4.822756328262833e-13,1.0,3.6344465691794263,300.00000000000074
55,Greedy,mountainous,dry,medium,5,300000,0.052813487265032606,7.559926879169636e-05,44.0,5.776201633577135,300.0000000000001
55,Spiral,mountainous,dry,medium,5,300000,0.07702477668326564,2.749957083300086e-07,61.0,19.896275836515265,300.0000000000006
55,Concentric,mountainous,dry,medium,5,300000,0.07469833462184045,2.0672505685688747e-07,63.0,19.833799152151215,300.0000000000006
55,Pizza,mountainous,dry,medium,5,300000,0.07086860630402557,5.0723361517731895e-06,51.0,19.4363704539946,300.0000000000006
56,RandomWalk,mountainous,dry,medium,5,300000,0.03881293240732244,0.0006663254855795509,13.0,3.9671293529987017,300.0
56,Greedy,mountainous,dry,medium,5,300000,0.08700534862869719,0.0036166789847043054,21.0,7.215826845099509,300.0
56,Spiral,mountainous,dry,medium,5,300000,0.11567222443977633,0.0005303409414136476,32.0,19.896275836515677,300.0000000000007
56,Concentric,mountainous,dry,medium,5,300000,0.11620758437776536,0.0006094648588758082,34.0,19.833799152151638,300.0000000000001
56,Pizza,mountainous,dry,medium,5,300000,0.13996891549161994,0.0009253021783435409,44.0,19.436370453994808,299.99999999999983
57,RandomWalk,mountainous,dry,medium,5,300000,0.02517576171844855,0.0007373883583189042,12.0,2.775129292735959,299.9999999999998
57,Greedy,mountainous,dry,medium,5,300000,0.16500919804346714,0.005345029058414764,65.0,9.065583797064303,299.99999999999966
57,Spiral,mountainous,dry,medium,5,300000,0.15765929693606973,0.00045816944973188755,61.0,19.8962758365158,300.0000000000002
57,Concentric,mountainous,dry,medium,5,300000,0.15628484833554035,0.0003963185627153188,56.99999999999999,19.83379915215168,300.00000000000017
57,Pizza,mountainous,dry,medium,5,300000,0.1825916063798593,0.0007038692787780053,65.0,19.436370453994375,300.0000000000001
58,RandomWalk,mountainous,dry,medium,5,300000,0.022344308768566537,0.00022720377014082163,18.0,3.420303011410766,300.0000000000002
58,Greedy,mountainous,dry,medium,5,300000,0.08727320397080078,0.0015986486644938814,37.0,10.582481028488987,300.0000000000005
58,Spiral,mountainous,dry,medium,5,300000,0.12345811909024544,0.0003688695568326303,66.0,19.89627583651539,300.00000000000057
58,Concentric,mountainous,dry,medium,5,300000,0.12169714644734479,0.00037452573677630306,68.0,19.83379915215126,300.0000000000005
58,Pizza,mountainous,dry,medium,5,300000,0.13013693247985847,0.0007761773999545999,66.0,19.436370453994538,300.0000000000007
59,RandomWalk,mountainous,dry,medium,5,300000,0.016652909286060356,0.0005132744496820739,4.0,3.3778317572849303,300.0000000000001
59,Greedy,mountainous,dry,medium,5,300000,0.11728427143754895,0.0017668865899283421,53.0,9.561664547022682,300.0000000000002
59,Spiral,mountainous,dry,medium,5,300000,0.13366794615292382,0.00031182510901702225,50.0,19.896275836515684,300.00000000000006
59,Concentric,mountainous,dry,medium,5,300000,0.13087141859354676,0.00032396073700932703,47.0,19.83379915215163,299.9999999999999
59,Pizza,mountainous,dry,medium,5,300000,0.14830593734025396,0.0010463220014586647,41.0,19.436370453994403,300.0000000000001
60,RandomWalk,mountainous,dry,medium,5,300000,0.03427070716990577,0.00033199523843661975,12.0,3.4006692488780774,300.00000000000017
60,Greedy,mountainous,dry,medium,5,300000,0.17162768367195996,0.001524586223998299,59.0,15.943215501115708,299.99999999999994
60,Spiral,mountainous,dry,medium,5,300000,0.17227026603704954,0.00035862006088027,60.0,19.89627583651539,300.00000000000057
60,Concentric,mountainous,dry,medium,5,300000,0.1711297477091565,0.000361030520707108,60.0,19.83379915215126,300.0000000000005
60,Pizza,mountainous,dry,medium,5,300000,0.1857821218673178,0.0008792441905985375,69.0,19.436370453994538,300.0000000000007
Dataset,Algorithm,Environment Type,Climate,Environment Size,n_agents,Budget (m),Likelihood Score,Time-Discounted Score,Victims Found (%),Area Covered (km²),Total Path Length (km)
1,RandomWalk,flat,temperate,medium,5,300000,0.08999101525634055,0.009243316834716318,25.0,2.9786042935345187,299.99999999999983
1,Greedy,flat,temperate,medium,5,300000,0.2680906186761723,0.012179686639696596,84.0,7.518955085024591,299.9999999999997
1,Spiral,flat,temperate,medium,5,300000,0.2764032264024489,0.008199666247056795,97.0,10.181000091427313,153.61823856611556
1,Concentric,flat,temperate,medium,5,300000,0.27744742233703723,0.008375849853804879,100.0,10.431351366554365,158.3154098632963
1,Pizza,flat,temperate,medium,5,300000,0.2775709606383369,0.010977160574711504,100.0,10.434630900816263,162.3076089770762
2,RandomWalk,flat,temperate,medium,5,300000,0.09637649192444465,0.007713024670311059,28.999999999999996,3.623319810952222,299.99999999999994
2,Greedy,flat,temperate,medium,5,300000,0.19758106556185856,0.010126670775060409,77.0,8.203011959136969,300.0000000000002
2,Spiral,flat,temperate,medium,5,300000,0.21249246114717715,0.0060008851094559045,99.0,10.18100009142708,153.61823856611545
2,Concentric,flat,temperate,medium,5,300000,0.21297549215941053,0.005886846230835256,100.0,10.431351366502813,158.31540986329608
2,Pizza,flat,temperate,medium,5,300000,0.21304427779976562,0.006740817361516538,100.0,10.434630900816671,162.30760897707634
3,RandomWalk,flat,temperate,medium,5,300000,0.10266975588337743,0.00448406484196769,39.0,3.2875821542568855,299.99999999999994
3,Greedy,flat,temperate,medium,5,300000,0.21456262968739592,0.008880524501275782,86.0,8.090682452182277,300.0000000000002
3,Spiral,flat,temperate,medium,5,300000,0.23906126223363147,0.005807689043249931,99.0,10.18100009142731,153.61823856611556
3,Concentric,flat,temperate,medium,5,300000,0.23932867686392326,0.005907179669688035,100.0,10.431351366554376,158.3154098632963
3,Pizza,flat,temperate,medium,5,300000,0.2395009957566807,0.007954674475866255,100.0,10.434630900816273,162.3076089770762
4,RandomWalk,flat,temperate,medium,5,300000,0.10819475416857895,0.007893551805482372,43.0,3.6764256401198585,299.99999999999966
4,Greedy,flat,temperate,medium,5,300000,0.20801590682070198,0.007428701716363027,79.0,7.402573013909036,299.9999999999999
4,Spiral,flat,temperate,medium,5,300000,0.23738056131582355,0.005729281681967726,100.0,10.181000091427073,153.61823856611545
4,Concentric,flat,temperate,medium,5,300000,0.23712552942891538,0.005693079556886836,100.0,10.431351366502838,158.31540986329608
4,Pizza,flat,temperate,medium,5,300000,0.23725948420459797,0.007171173237072049,100.0,10.434630900816678,162.3076089770763
5,RandomWalk,flat,temperate,medium,5,300000,0.11644339401962121,0.004658090386107412,23.0,4.246167300125097,300.00000000000017
5,Greedy,flat,temperate,medium,5,300000,0.20527555340177003,0.008530501884510211,64.0,7.780233823239995,299.99999999999994
5,Spiral,flat,temperate,medium,5,300000,0.24187942161193715,0.005783741810285353,95.0,10.181000091427313,153.61823856611556
5,Concentric,flat,temperate,medium,5,300000,0.24190631218736883,0.005709074460888701,100.0,10.431351366554365,158.3154098632963
5,Pizza,flat,temperate,medium,5,300000,0.24212198364708715,0.006752002614683077,100.0,10.434630900816263,162.3076089770762
6,RandomWalk,flat,temperate,medium,5,300000,0.08912452782564882,0.00611999362988678,36.0,3.615396836009148,300.00000000000034
6,Greedy,flat,temperate,medium,5,300000,0.21109744832248667,0.0074424469933783354,77.0,8.120205611479962,300.0000000000004
6,Spiral,flat,temperate,medium,5,300000,0.23024192890917863,0.0050070429627223825,97.0,10.181000091427073,153.61823856611545
6,Concentric,flat,temperate,medium,5,300000,0.23077401509527942,0.005111048417752446,100.0,10.431351366502838,158.31540986329608
6,Pizza,flat,temperate,medium,5,300000,0.23094179794830283,0.006688815627024044,100.0,10.434630900816678,162.3076089770763
7,RandomWalk,flat,temperate,medium,5,300000,0.10100132119461223,0.004789437988504821,42.0,3.9941231803998587,299.9999999999999
7,Greedy,flat,temperate,medium,5,300000,0.21000679866288502,0.008159431704019419,82.0,8.365903090152209,299.9999999999999
7,Spiral,flat,temperate,medium,5,300000,0.22297140377963526,0.004435860963373205,98.0,10.181000091427068,153.61823856611545
7,Concentric,flat,temperate,medium,5,300000,0.22382672871754958,0.004474015966647081,100.0,10.431351366502838,158.31540986329608
7,Pizza,flat,temperate,medium,5,300000,0.22394488257593337,0.005914913931853048,100.0,10.43463090081668,162.30760897707634
8,RandomWalk,flat,temperate,medium,5,300000,0.07366755285663974,0.004087860470411986,26.0,3.3709382221016613,300.0000000000003
8,Greedy,flat,temperate,medium,5,300000,0.17541823227812123,0.007997212860685877,65.0,7.471467160169219,299.99999999999955
8,Spiral,flat,temperate,medium,5,300000,0.20343896067684258,0.005393940946236154,93.0,10.181000091427073,153.61823856611545
8,Concentric,flat,temperate,medium,5,300000,0.20411863327250165,0.005194629650958133,100.0,10.431351366502838,158.31540986329608
8,Pizza,flat,temperate,medium,5,300000,0.204466030061141,0.004130088115493568,100.0,10.434630900816678,162.3076089770763
9,RandomWalk,flat,temperate,medium,5,300000,0.09123007587855815,0.0036568973011763964,44.0,3.4065166597221466,300.0000000000001
9,Greedy,flat,temperate,medium,5,300000,0.18987417903214465,0.009500622588387927,77.0,7.445850408476182,299.9999999999995
9,Spiral,flat,temperate,medium,5,300000,0.22930453825264757,0.004265963131014319,99.0,10.181000091427313,153.61823856611556
9,Concentric,flat,temperate,medium,5,300000,0.2300656445482544,0.004229483185392518,99.0,10.431351366554365,158.3154098632963
9,Pizza,flat,temperate,medium,5,300000,0.23011702998304243,0.0054461621048515416,100.0,10.434630900816263,162.3076089770762
10,RandomWalk,flat,temperate,medium,5,300000,0.0883430921553725,0.0053279868977106045,46.0,3.8538853267548228,299.9999999999998
10,Greedy,flat,temperate,medium,5,300000,0.16479215546481732,0.003680220891996205,82.0,5.272843107229297,299.9999999999998
10,Spiral,flat,temperate,medium,5,300000,0.1859655912831386,0.0016333089641639618,100.0,10.181000091427313,153.61823856611556
10,Concentric,flat,temperate,medium,5,300000,0.1862880192341698,0.0015002944896054936,100.0,10.431351366554365,158.3154098632963
10,Pizza,flat,temperate,medium,5,300000,0.18601268897050358,0.005211673597192372,100.0,10.434630900816263,162.3076089770762
11,RandomWalk,flat,temperate,medium,5,300000,0.12084570812047923,0.004809873966773888,21.0,3.185494131153998,300.0000000000005
11,Greedy,flat,temperate,medium,5,300000,0.24867202955232431,0.012609189915624104,76.0,7.460664352796621,299.9999999999999
11,Spiral,flat,temperate,medium,5,300000,0.3053462448148192,0.007432441973688929,94.0,10.181000091427313,153.61823856611556
11,Concentric,flat,temperate,medium,5,300000,0.30593762234404487,0.007594610345265911,100.0,10.431351366554365,158.3154098632963
11,Pizza,flat,temperate,medium,5,300000,0.3061591207036002,0.009871908081720018,100.0,10.434630900816263,162.3076089770762
12,RandomWalk,flat,temperate,medium,5,300000,0.1234272329595322,0.007608891306182315,21.0,3.3525465098008658,299.9999999999993
12,Greedy,flat,temperate,medium,5,300000,0.27834320514629224,0.009991101286638734,64.0,8.179107281286093,299.99999999999994
12,Spiral,flat,temperate,medium,5,300000,0.3101687913358398,0.006670979628708394,95.0,10.181000091427313,153.61823856611556
12,Concentric,flat,temperate,medium,5,300000,0.3108326302137955,0.006619678557512584,100.0,10.431351366554365,158.3154098632963
12,Pizza,flat,temperate,medium,5,300000,0.3111533371603967,0.00822475591730973,100.0,10.434630900816263,162.3076089770762
13,RandomWalk,flat,temperate,medium,5,300000,0.12474515345216106,0.004021037152239383,37.0,3.611253397397336,300.0000000000007
13,Greedy,flat,temperate,medium,5,300000,0.3087406670002589,0.010624048788988065,82.0,8.794703931686996,299.9999999999994
13,Spiral,flat,temperate,medium,5,300000,0.3247863125978066,0.007097449946332916,98.0,10.181000091427073,153.61823856611545
13,Concentric,flat,temperate,medium,5,300000,0.3256516742473781,0.007215020144808873,100.0,10.431351366502838,158.31540986329608
13,Pizza,flat,temperate,medium,5,300000,0.3258623334578928,0.009264372533247476,100.0,10.434630900816678,162.3076089770763
14,RandomWalk,flat,temperate,medium,5,300000,0.13824643364072758,0.009718653109227933,34.0,3.6143242708956285,300.00000000000006
14,Greedy,flat,temperate,medium,5,300000,0.2742927232860573,0.012935339888328635,87.0,6.80321930500796,299.99999999999983
14,Spiral,flat,temperate,medium,5,300000,0.29248292928861874,0.008869045731802628,98.0,10.181000091427068,153.61823856611545
14,Concentric,flat,temperate,medium,5,300000,0.2939260412581066,0.009070232704743265,100.0,10.431351366502838,158.31540986329608
14,Pizza,flat,temperate,medium,5,300000,0.29415156429336237,0.011234223385052798,100.0,10.43463090081668,162.30760897707634
15,RandomWalk,flat,temperate,medium,5,300000,0.11348029545014253,0.009376739512652823,25.0,3.2976335449601657,299.99999999999983
15,Greedy,flat,temperate,medium,5,300000,0.25442404641050775,0.01903162692544651,56.00000000000001,6.000951972101399,300.0000000000005
15,Spiral,flat,temperate,medium,5,300000,0.32908276411504617,0.008279556430217215,100.0,10.181000091427068,153.61823856611545
15,Concentric,flat,temperate,medium,5,300000,0.32851635114484146,0.00813211273498389,100.0,10.431351366502838,158.31540986329608
15,Pizza,flat,temperate,medium,5,300000,0.3289674259349166,0.008503331389108403,100.0,10.43463090081668,162.30760897707634
16,RandomWalk,mountainous,temperate,medium,5,300000,0.025953371903718755,7.396958645088176e-05,7.000000000000001,3.218986411871013,299.9999999999999
16,Greedy,mountainous,temperate,medium,5,300000,0.14444177676652414,6.252204217686879e-05,45.0,10.152819749923959,300.0000000000003
16,Spiral,mountainous,temperate,medium,5,300000,0.17949118353401924,8.642064853491964e-05,73.0,19.896533265788108,299.9999999999998
16,Concentric,mountainous,temperate,medium,5,300000,0.1767329178952056,7.26974459456236e-05,67.0,19.830511227949092,300.00000000000057
16,Pizza,mountainous,temperate,medium,5,300000,0.19945883579780901,0.0009405080204323745,73.0,19.436370453994748,299.9999999999999
17,RandomWalk,mountainous,temperate,medium,5,300000,0.044649511647596916,0.0013364846886728071,10.0,4.0063912573503835,300.0000000000008
17,Greedy,mountainous,temperate,medium,5,300000,0.13265975355052625,0.0035992956894834913,34.0,12.993052640452824,299.99999999999966
17,Spiral,mountainous,temperate,medium,5,300000,0.16763547008002871,0.0011522494146454568,60.0,19.896533265787866,300.0
17,Concentric,mountainous,temperate,medium,5,300000,0.16773006864157522,0.001188536568718081,65.0,19.830511227949092,299.9999999999998
17,Pizza,mountainous,temperate,medium,5,300000,0.1788793588538436,0.0015827681197056243,66.0,19.436370453994588,300.0000000000007
18,RandomWalk,mountainous,temperate,medium,5,300000,0.030655079095350188,0.00042249371519290216,9.0,4.036563293762458,300.00000000000045
18,Greedy,mountainous,temperate,medium,5,300000,0.13631205852183612,0.00391483483511577,57.99999999999999,11.93659357425793,300.00000000000085
18,Spiral,mountainous,temperate,medium,5,300000,0.12978638873074108,0.0004545591043973654,64.0,19.896533265787873,300.0
18,Concentric,mountainous,temperate,medium,5,300000,0.12672553355350802,0.0003952741735190911,65.0,19.83051122794908,299.9999999999998
18,Pizza,mountainous,temperate,medium,5,300000,0.14482562699744553,0.000521484580071608,66.0,19.436370453994538,300.0000000000006
19,RandomWalk,mountainous,temperate,medium,5,300000,0.05572002368766364,0.0023154158099826885,13.0,3.6075397570222747,299.9999999999998
19,Greedy,mountainous,temperate,medium,5,300000,0.18767268148385846,0.003994834074700809,55.00000000000001,13.223229041531408,299.9999999999999
19,Spiral,mountainous,temperate,medium,5,300000,0.19945561228780115,0.0015061193528889732,62.0,19.896533265787866,300.0
19,Concentric,mountainous,temperate,medium,5,300000,0.19981869746778222,0.001614714897811832,65.0,19.830511227949092,299.9999999999998
19,Pizza,mountainous,temperate,medium,5,300000,0.22148837965245682,0.0027529608710610593,61.0,19.436370453994588,300.0000000000007
20,RandomWalk,mountainous,temperate,medium,5,300000,0.04463933259363516,0.0022599112743175156,10.0,3.5806507172123445,300.00000000000045
20,Greedy,mountainous,temperate,medium,5,300000,0.15081630740140484,0.004667608134565812,51.0,12.207143863315013,299.9999999999997
20,Spiral,mountainous,temperate,medium,5,300000,0.1761812280341561,0.0019702963609391035,63.0,19.896533265787866,300.0
20,Concentric,mountainous,temperate,medium,5,300000,0.1775770486590043,0.0020741525787136765,63.0,19.830511227949092,299.9999999999998
20,Pizza,mountainous,temperate,medium,5,300000,0.1980467909087796,0.0031956228059103055,59.0,19.436370453994588,300.0000000000007
21,RandomWalk,mountainous,temperate,medium,5,300000,0.0486646342237202,0.001308363102953718,16.0,3.388610741850324,300.00000000000045
21,Greedy,mountainous,temperate,medium,5,300000,0.18199253861207906,0.0032323578421223653,43.0,13.156817388860896,299.9999999999998
21,Spiral,mountainous,temperate,medium,5,300000,0.20340344667354215,0.0014392142561766696,62.0,19.896533265788005,299.9999999999994
21,Concentric,mountainous,temperate,medium,5,300000,0.20307664868027256,0.0014768958809351213,65.0,19.830511227949074,300.0000000000006
21,Pizza,mountainous,temperate,medium,5,300000,0.22603190467211576,0.002101427720172899,67.0,19.43637045399476,299.99999999999983
22,RandomWalk,mountainous,temperate,medium,5,300000,0.02412333126722479,0.0005423703245290192,7.000000000000001,3.4664370684524903,299.99999999999955
22,Greedy,mountainous,temperate,medium,5,300000,0.15802525159917788,0.003400460236177776,71.0,12.571534860244352,300.00000000000034
22,Spiral,mountainous,temperate,medium,5,300000,0.15505393521687824,0.0007920732878247135,54.0,19.896533265787873,300.0
22,Concentric,mountainous,temperate,medium,5,300000,0.1503870621968666,0.0008454587082916672,51.0,19.83051122794908,299.9999999999998
22,Pizza,mountainous,temperate,medium,5,300000,0.15580387252472835,0.0011998485124632692,57.99999999999999,19.436370453994538,300.0000000000006
23,RandomWalk,mountainous,temperate,medium,5,300000,0.04283168336403561,0.0019854829935820944,13.0,3.8970220045469306,300.0000000000001
23,Greedy,mountainous,temperate,medium,5,300000,0.14006960178920275,0.002890622370585845,50.0,9.780054814634866,299.99999999999943
23,Spiral,mountainous,temperate,medium,5,300000,0.13154593797908384,0.0008528856087658892,64.0,19.896533265787827,299.9999999999991
23,Concentric,mountainous,temperate,medium,5,300000,0.13509554955766387,0.0008301637030863183,68.0,19.83051122794904,299.9999999999997
23,Pizza,mountainous,temperate,medium,5,300000,0.1531619217833349,0.0020664781939103254,52.0,19.436370453994513,300.0000000000006
24,RandomWalk,mountainous,temperate,medium,5,300000,0.02909297741861607,0.0018710140616672048,7.000000000000001,2.8177364272177026,299.99999999999966
24,Greedy,mountainous,temperate,medium,5,300000,0.11719483843362502,0.0021352423966328757,48.0,12.794965824703471,299.99999999999943
24,Spiral,mountainous,temperate,medium,5,300000,0.14233587135110487,0.0009538779622867017,65.0,19.896533265787866,300.0
24,Concentric,mountainous,temperate,medium,5,300000,0.14247813819657867,0.0009788705846979617,69.0,19.830511227949092,299.9999999999998
24,Pizza,mountainous,temperate,medium,5,300000,0.15476613317013904,0.0013933653600606154,73.0,19.436370453994588,300.0000000000007
25,RandomWalk,mountainous,temperate,medium,5,300000,0.03251765281723187,0.000711494755449151,14.000000000000002,3.4759840752347517,299.99999999999955
25,Greedy,mountainous,temperate,medium,5,300000,0.12497542160137222,0.002039853757234877,53.0,14.215654668787927,300.00000000000006
25,Spiral,mountainous,temperate,medium,5,300000,0.13558305875367793,0.0008859483002601731,70.0,19.896533265787873,300.0
25,Concentric,mountainous,temperate,medium,5,300000,0.13560333813031641,0.0009383432920212219,71.0,19.83051122794908,299.9999999999998
25,Pizza,mountainous,temperate,medium,5,300000,0.1475869973530822,0.0014246124921329136,66.0,19.436370453994538,300.0000000000006
26,RandomWalk,mountainous,temperate,medium,5,300000,0.07456328390271313,0.0014845413718051013,20.0,4.950700073919881,300.00000000000006
26,Greedy,mountainous,temperate,medium,5,300000,0.14435234512028025,0.008132908083957311,45.0,7.944904420919391,299.9999999999994
26,Spiral,mountainous,temperate,medium,5,300000,0.2037167918985429,0.0019463659639815175,77.0,19.896533265787873,300.0
26,Concentric,mountainous,temperate,medium,5,300000,0.20168665109382494,0.002087760367316166,67.0,19.83051122794908,299.9999999999998
26,Pizza,mountainous,temperate,medium,5,300000,0.22059635778831185,0.00419950246389802,57.99999999999999,19.436370453994538,300.0000000000006
27,RandomWalk,mountainous,temperate,medium,5,300000,0.01826934926965987,2.483304904687495e-22,9.0,4.231750051891948,300.0000000000001
27,Greedy,mountainous,temperate,medium,5,300000,0.09375398157163643,3.104968705806634e-17,45.0,5.152829596112617,300.00000000000034
27,Spiral,mountainous,temperate,medium,5,300000,0.09872699231427123,2.5933813342969e-12,59.0,19.896533265787873,300.0
27,Concentric,mountainous,temperate,medium,5,300000,0.09322466075419714,1.1427166299217948e-12,49.0,19.83051122794908,299.9999999999998
27,Pizza,mountainous,temperate,medium,5,300000,0.07957226664467562,3.5332263985446936e-06,30.0,19.436370453994538,300.0000000000006
28,RandomWalk,mountainous,temperate,medium,5,300000,0.06122721656171597,1.077566898073697e-07,18.0,3.8574250085776782,300.00000000000045
28,Greedy,mountainous,temperate,medium,5,300000,0.2620946023408181,0.0007440780382642945,62.0,5.308037443556093,300.0
28,Spiral,mountainous,temperate,medium,5,300000,0.24536138494302548,1.1728313461267783e-05,64.0,19.896533265788005,299.9999999999994
28,Concentric,mountainous,temperate,medium,5,300000,0.25073258786134,2.357940156284674e-05,63.0,19.830511227949074,300.0000000000006
28,Pizza,mountainous,temperate,medium,5,300000,0.29120643675886254,0.0049843700694069204,81.0,19.43637045399476,299.99999999999983
29,RandomWalk,mountainous,temperate,medium,5,300000,0.032527805579625105,0.0004750140261159487,6.0,4.077571159051539,299.9999999999999
29,Greedy,mountainous,temperate,medium,5,300000,0.16215658968359611,0.002640947387355577,40.0,9.989934567606852,299.9999999999998
29,Spiral,mountainous,temperate,medium,5,300000,0.18454443568693918,0.0010089249310777028,68.0,19.896533265787873,300.0
29,Concentric,mountainous,temperate,medium,5,300000,0.1898994337613328,0.0011193987703383894,69.0,19.83051122794908,299.9999999999998
29,Pizza,mountainous,temperate,medium,5,300000,0.22430451332782828,0.0019407884702134727,74.0,19.436370453994538,300.0000000000006
30,RandomWalk,mountainous,temperate,medium,5,300000,0.07065818417041658,2.734856084325784e-05,17.0,3.893416012700216,300.0000000000001
30,Greedy,mountainous,temperate,medium,5,300000,0.2062239048221954,0.0023086172976938737,46.0,9.749745728298496,300.00000000000034
30,Spiral,mountainous,temperate,medium,5,300000,0.2345991304179344,0.0005136955165543963,71.0,19.896533265787827,299.9999999999991
30,Concentric,mountainous,temperate,medium,5,300000,0.23709492803712542,0.0004601184312783739,71.0,19.83051122794904,299.9999999999997
30,Pizza,mountainous,temperate,medium,5,300000,0.28713476944318794,0.0021307426965807147,76.0,19.436370453994513,300.0000000000006
31,RandomWalk,flat,dry,medium,5,300000,0.07752166204417639,0.0010258841472973968,46.0,3.759189021949861,299.99999999999966
31,Greedy,flat,dry,medium,5,300000,0.12040557118060541,0.0051703059774391175,64.0,4.302567634176336,299.9999999999998
31,Spiral,flat,dry,medium,5,300000,0.18095303670465965,7.328482997967308e-05,100.0,13.856769137577619,209.08052954217987
31,Concentric,flat,dry,medium,5,300000,0.18020663663394265,8.313701009298336e-05,100.0,13.687792475253142,207.5862622761877
31,Pizza,flat,dry,medium,5,300000,0.18016082408998127,0.0010299832647764845,100.0,13.691072804383936,212.16980046765994
32,RandomWalk,flat,dry,medium,5,300000,0.058280972571100785,0.0017779360990043322,15.0,3.542161068278081,300.00000000000057
32,Greedy,flat,dry,medium,5,300000,0.17286845209733168,0.0034135891954061907,52.0,10.071834278604141,299.9999999999999
32,Spiral,flat,dry,medium,5,300000,0.2018623938797181,0.0009719703183797187,98.0,13.856769137577746,209.0805295421801
32,Concentric,flat,dry,medium,5,300000,0.20084968927263683,0.0009371496948151132,97.0,13.687792475322752,207.58626227618876
32,Pizza,flat,dry,medium,5,300000,0.20081390539648605,0.0017960688361250306,97.0,13.691072804384108,212.16980046766176
33,RandomWalk,flat,dry,medium,5,300000,0.09004458330660765,0.0011229652218318566,30.0,3.6902727438488867,299.9999999999992
33,Greedy,flat,dry,medium,5,300000,0.18153539076224962,0.019218738875748036,63.0,4.957031316474928,299.99999999999915
33,Spiral,flat,dry,medium,5,300000,0.24098262319532676,0.0037779927722745355,100.0,13.856769137577622,209.08052954217987
33,Concentric,flat,dry,medium,5,300000,0.23810413123147964,0.003559912090308323,100.0,13.687792475253174,207.5862622761877
33,Pizza,flat,dry,medium,5,300000,0.23861954393297496,0.006830118638667098,100.0,13.69107280438396,212.16980046765997
34,RandomWalk,flat,dry,medium,5,300000,0.01312590351711051,3.163452861149192e-32,22.0,4.1091040454048136,300.00000000000006
34,Greedy,flat,dry,medium,5,300000,0.03511331827651818,1.5547798824388087e-13,51.0,3.967452207022284,300.0
34,Spiral,flat,dry,medium,5,300000,0.045324037458297425,6.003046621134497e-17,100.0,13.85676913757756,209.08052954218047
34,Concentric,flat,dry,medium,5,300000,0.0446844064935779,8.762550020152814e-17,100.0,13.687792475322548,207.58626227618947
34,Pizza,flat,dry,medium,5,300000,0.044991711934259826,5.860657472406476e-09,100.0,13.69107280438375,212.16980046766182
35,RandomWalk,flat,dry,medium,5,300000,0.0719024066175142,1.2119255632644102e-05,31.0,4.123069250668423,300.00000000000045
35,Greedy,flat,dry,medium,5,300000,0.16644257934401904,0.0033242844314108244,56.99999999999999,5.179555555406285,300.00000000000034
35,Spiral,flat,dry,medium,5,300000,0.228751125444794,5.453036910022988e-07,100.0,13.856769137577626,209.08052954217987
35,Concentric,flat,dry,medium,5,300000,0.22702362346160088,1.1107193059274702e-06,98.0,13.687792475253138,207.5862622761877
35,Pizza,flat,dry,medium,5,300000,0.22713151228257172,0.0006773258525014578,98.0,13.69107280438393,212.16980046765994
36,RandomWalk,flat,dry,medium,5,300000,0.07317882909999288,0.002049973418405259,36.0,3.618608246231184,300.0000000000004
36,Greedy,flat,dry,medium,5,300000,0.26122851274918024,0.004482588945127897,82.0,11.49379439247538,300.0000000000003
36,Spiral,flat,dry,medium,5,300000,0.28039934842551834,0.0012561925611371458,99.0,13.856769137577693,209.08052954218013
36,Concentric,flat,dry,medium,5,300000,0.27859650142856635,0.0012111897424912778,98.0,13.687792475322787,207.58626227618817
36,Pizza,flat,dry,medium,5,300000,0.2786091831572014,0.002321702916243225,98.0,13.691072804383687,212.16980046766008
37,RandomWalk,flat,dry,medium,5,300000,0.025172454331188365,0.0002595003787308279,22.0,3.1379267868218563,300.0000000000003
37,Greedy,flat,dry,medium,5,300000,0.05550386291166715,0.003818584459959039,51.0,5.474525180617435,299.9999999999999
37,Spiral,flat,dry,medium,5,300000,0.09689174913797696,0.0005447103489225432,97.0,13.85676913757774,209.08052954218007
37,Concentric,flat,dry,medium,5,300000,0.09634701630114813,0.0004835772123611694,97.0,13.687792475280913,207.58626227618873
37,Pizza,flat,dry,medium,5,300000,0.09616167160718159,0.0010703291893199446,97.0,13.691072804384108,212.16980046766173
38,RandomWalk,flat,dry,medium,5,300000,0.04783268528242174,0.00021958372856733732,31.0,3.366514248150363,299.9999999999999
38,Greedy,flat,dry,medium,5,300000,0.12679080921799377,0.0011654439378585547,85.0,6.645989653819063,300.00000000000006
38,Spiral,flat,dry,medium,5,300000,0.14204191778161432,0.0003775805198044727,99.0,13.856769137577746,209.0805295421801
38,Concentric,flat,dry,medium,5,300000,0.14104111883735795,0.0003743826891690134,100.0,13.687792475322752,207.58626227618876
38,Pizza,flat,dry,medium,5,300000,0.14118828366825661,0.0004698383472398832,100.0,13.691072804384108,212.16980046766176
39,RandomWalk,flat,dry,medium,5,300000,0.04454604485816744,0.0005717242946550831,19.0,3.6564255015917277,299.9999999999998
39,Greedy,flat,dry,medium,5,300000,0.1344860453351404,0.02032424384870992,71.0,5.084502408269485,300.0000000000002
39,Spiral,flat,dry,medium,5,300000,0.1554421319173915,0.0006316918309442811,100.0,13.856769137577741,209.08052954218013
39,Concentric,flat,dry,medium,5,300000,0.154646923819107,0.0007356801024651642,99.0,13.687792475253147,207.58626227618817
39,Pizza,flat,dry,medium,5,300000,0.15464986004211997,0.00085582039264782,99.0,13.6910728043837,212.16980046766005
40,RandomWalk,flat,dry,medium,5,300000,0.02365382194865714,9.837323929627156e-05,28.999999999999996,3.8097077560076618,300.00000000000034
40,Greedy,flat,dry,medium,5,300000,0.06851900606962609,6.999710177540192e-16,72.0,4.492082003996996,299.9999999999996
40,Spiral,flat,dry,medium,5,300000,0.09096239674954347,9.209951742641962e-05,99.0,13.85676913757773,209.08052954218013
40,Concentric,flat,dry,medium,5,300000,0.09062866827100903,7.928465288126807e-05,100.0,13.687792475253135,207.58626227618817
40,Pizza,flat,dry,medium,5,300000,0.09052973985674086,0.00026605561088555065,100.0,13.691072804383692,212.16980046766005
41,RandomWalk,flat,dry,medium,5,300000,0.036441429860087,0.0004958620364727965,26.0,3.547953792442593,299.9999999999998
41,Greedy,flat,dry,medium,5,300000,0.10359355590864393,0.0037889159546525505,73.0,7.408593825140752,299.9999999999998
41,Spiral,flat,dry,medium,5,300000,0.11393505667426924,0.0004661096095200867,98.0,13.856769137577704,209.0805295421801
41,Concentric,flat,dry,medium,5,300000,0.11260717166209047,0.00036556202281864194,95.0,13.687792475322798,207.58626227618817
41,Pizza,flat,dry,medium,5,300000,0.11272902254411388,0.00027318175167370966,95.0,13.691072804383692,212.16980046766008
42,RandomWalk,flat,dry,medium,5,300000,0.016753567679312763,0.00011227976309870654,21.0,4.209530321630601,299.9999999999998
42,Greedy,flat,dry,medium,5,300000,0.0716530793217786,2.459179199414469e-32,70.0,5.224480221028983,299.9999999999999
42,Spiral,flat,dry,medium,5,300000,0.08759288096880198,0.00018075517284714515,94.0,13.856769137577746,209.0805295421801
42,Concentric,flat,dry,medium,5,300000,0.08728933570322098,0.00016952192635085614,98.0,13.687792475322752,207.58626227618876
42,Pizza,flat,dry,medium,5,300000,0.08718078148603528,0.0005683834468096987,98.0,13.691072804384108,212.16980046766176
43,RandomWalk,flat,dry,medium,5,300000,0.03484544360585009,0.0011524386509036654,19.0,3.9571773648005997,300.0000000000003
43,Greedy,flat,dry,medium,5,300000,0.09150418383367338,0.003203932182732497,60.0,7.2946709207972305,300.00000000000006
43,Spiral,flat,dry,medium,5,300000,0.12315162931705871,0.0003604983369478165,99.0,13.856769137577622,209.08052954217987
43,Concentric,flat,dry,medium,5,300000,0.1223968428878568,0.0003771282832176062,99.0,13.687792475253174,207.5862622761877
43,Pizza,flat,dry,medium,5,300000,0.12236422696079521,0.0010918660306656227,99.0,13.69107280438396,212.16980046765997
44,RandomWalk,flat,dry,medium,5,300000,0.040328824285478355,1.0558179011451375e-05,9.0,3.255434398690003,300.0000000000001
44,Greedy,flat,dry,medium,5,300000,0.17110816433974957,0.0012727965584123397,60.0,6.041309170906463,300.0000000000001
44,Spiral,flat,dry,medium,5,300000,0.2359143833673573,8.567352091823931e-05,100.0,13.856769137577594,209.08052954218027
44,Concentric,flat,dry,medium,5,300000,0.2318860467907454,0.00013955659562172107,99.0,13.687792475252841,207.58626227618927
44,Pizza,flat,dry,medium,5,300000,0.23199172078303,0.0022071002774030927,99.0,13.691072804384,212.1698004676615
45,RandomWalk,flat,dry,medium,5,300000,0.047184723079166165,0.0008216334799875545,21.0,3.5030334358963495,299.9999999999997
45,Greedy,flat,dry,medium,5,300000,0.16946275002883882,0.0034186543307905266,82.0,10.229497100901336,299.9999999999998
45,Spiral,flat,dry,medium,5,300000,0.19254143526133083,0.0007855793097701641,99.0,13.856769137577743,209.08052954218007
45,Concentric,flat,dry,medium,5,300000,0.19140635321708346,0.0007590330439548755,99.0,13.687792475280943,207.58626227618873
45,Pizza,flat,dry,medium,5,300000,0.1914215355498568,0.0017151176229567612,99.0,13.691072804384097,212.16980046766176
46,RandomWalk,mountainous,dry,medium,5,300000,0.02835139234967018,0.00028924642297950304,16.0,3.3878306815633583,300.0000000000002
46,Greedy,mountainous,dry,medium,5,300000,0.10721347238778971,0.0002516698878718369,37.0,8.806693036415806,299.9999999999999
46,Spiral,mountainous,dry,medium,5,300000,0.1350030468371687,0.00010103535316428286,52.0,19.896275836515795,300.00000000000017
46,Concentric,mountainous,dry,medium,5,300000,0.13351133095763285,0.00012379149246967818,49.0,19.83379915215172,300.0
46,Pizza,mountainous,dry,medium,5,300000,0.1457897436661676,0.00047710929258782737,56.00000000000001,19.43637045399442,300.0000000000001
47,RandomWalk,mountainous,dry,medium,5,300000,0.02975412471563766,0.00034984436328810514,9.0,3.452437190100247,299.9999999999999
47,Greedy,mountainous,dry,medium,5,300000,0.1258271004717869,0.001756118949243031,42.0,13.258812776270593,299.9999999999998
47,Spiral,mountainous,dry,medium,5,300000,0.14742735664929948,0.0003760101035512167,50.0,19.89627583651537,300.00000000000085
47,Concentric,mountainous,dry,medium,5,300000,0.14655917720745862,0.00037791708844919477,50.0,19.833799152150863,300.0000000000001
47,Pizza,mountainous,dry,medium,5,300000,0.15923735260552624,0.0007737178361449253,60.0,19.436370453994545,299.9999999999999
48,RandomWalk,mountainous,dry,medium,5,300000,0.010298433696141284,0.00010087858586689155,3.0,4.21826639939867,299.9999999999997
48,Greedy,mountainous,dry,medium,5,300000,0.05781721667818262,0.000733127526063247,21.0,5.870400190127666,300.0000000000004
48,Spiral,mountainous,dry,medium,5,300000,0.06810323543882468,0.00010721361031811072,43.0,19.896275836515713,300.00000000000085
48,Concentric,mountainous,dry,medium,5,300000,0.07141875657775638,6.349636871120716e-05,48.0,19.833799152151578,299.99999999999994
48,Pizza,mountainous,dry,medium,5,300000,0.050201173090400314,0.00019880968384974226,21.0,19.436370453994748,299.9999999999999
49,RandomWalk,mountainous,dry,medium,5,300000,0.015408412028170382,1.0102822196126289e-12,6.0,3.626662855073736,299.9999999999998
49,Greedy,mountainous,dry,medium,5,300000,0.07617977246795216,1.2507283153691176e-23,54.0,5.822181361849567,300.0
49,Spiral,mountainous,dry,medium,5,300000,0.08263503836888063,7.39752611680735e-11,54.0,19.896275836515763,300.0000000000001
49,Concentric,mountainous,dry,medium,5,300000,0.08331363678742758,3.215952625964754e-11,56.99999999999999,19.833799152151702,299.9999999999999
49,Pizza,mountainous,dry,medium,5,300000,0.08498763452895147,2.5226858358626318e-09,53.0,19.436370453994446,300.0000000000001
50,RandomWalk,mountainous,dry,medium,5,300000,0.03712725977766126,0.001700942275048319,15.0,3.7323392822605936,299.99999999999994
50,Greedy,mountainous,dry,medium,5,300000,0.08650649701870025,0.004478409191519058,43.0,7.60347499030741,299.99999999999994
50,Spiral,mountainous,dry,medium,5,300000,0.11265916015289837,0.0007988908885004996,64.0,19.896275836515727,300.0000000000008
50,Concentric,mountainous,dry,medium,5,300000,0.10882507856562887,0.0008296705948872709,63.0,19.833799152151613,300.0
50,Pizza,mountainous,dry,medium,5,300000,0.13031104372238503,0.0014738584191737113,60.0,19.436370453994783,299.9999999999999
51,RandomWalk,mountainous,dry,medium,5,300000,0.0256442281084276,0.0004372887058970658,18.0,3.875491815644285,300.00000000000057
51,Greedy,mountainous,dry,medium,5,300000,0.14621185589947447,0.002409257630821601,39.0,14.457689234369951,300.00000000000045
51,Spiral,mountainous,dry,medium,5,300000,0.13743137023653373,0.00046834262760812325,69.0,19.89627583651522,300.00000000000057
51,Concentric,mountainous,dry,medium,5,300000,0.13759407874025995,0.00047382621627851035,65.0,19.83379915215136,300.0000000000006
51,Pizza,mountainous,dry,medium,5,300000,0.14945134402120516,0.0008907704384738828,61.0,19.436370453994588,300.0000000000007
52,RandomWalk,mountainous,dry,medium,5,300000,0.03658388023809658,0.0014303249074656833,16.0,3.7864563752196188,300.0000000000004
52,Greedy,mountainous,dry,medium,5,300000,0.13722486189711647,0.0032459683335807617,47.0,11.7402869507643,300.0000000000007
52,Spiral,mountainous,dry,medium,5,300000,0.15654865985408287,0.0007165983353475047,65.0,19.896275836515233,300.0000000000006
52,Concentric,mountainous,dry,medium,5,300000,0.15694196323607118,0.0007683564144708935,65.0,19.833799152151332,300.00000000000034
52,Pizza,mountainous,dry,medium,5,300000,0.18137843491201525,0.0018771447886277261,66.0,19.436370453994538,300.0000000000006
53,RandomWalk,mountainous,dry,medium,5,300000,0.007287088554846559,9.80168835955706e-38,8.0,3.882386251280449,299.99999999999926
53,Greedy,mountainous,dry,medium,5,300000,0.03877415934860246,7.791205629325358e-14,38.0,4.891211379367021,300.0000000000005
53,Spiral,mountainous,dry,medium,5,300000,0.0628348528765586,6.433320834458105e-17,70.0,19.896275836515233,300.0000000000006
53,Concentric,mountainous,dry,medium,5,300000,0.06293555366389847,1.70840192595814e-17,73.0,19.833799152151332,300.00000000000034
53,Pizza,mountainous,dry,medium,5,300000,0.0680451177931383,1.0732793523124952e-10,70.0,19.436370453994538,300.0000000000006
54,RandomWalk,mountainous,dry,medium,5,300000,0.03617963078266499,0.0003560826980299899,15.0,4.3521806380154215,300.0000000000002
54,Greedy,mountainous,dry,medium,5,300000,0.13225503879663447,0.0020774335640982447,38.0,14.296769292432195,300.0000000000005
54,Spiral,mountainous,dry,medium,5,300000,0.1456478882912058,0.00029711060272393874,73.0,19.896275836515713,300.0000000000008
54,Concentric,mountainous,dry,medium,5,300000,0.14461522770539068,0.0003072418027805854,69.0,19.83379915215162,300.0
54,Pizza,mountainous,dry,medium,5,300000,0.15883240858272568,0.0006534564582320667,53.0,19.43637045399476,299.99999999999983
55,RandomWalk,mountainous,dry,medium,5,300000,0.011649436733100092,1.4509905873392286e-07,8.0,3.247728752413345,300.0000000000006
55,Greedy,mountainous,dry,medium,5,300000,0.06133853774394229,0.00016576079531936707,37.0,6.453092694898509,300.00000000000057
55,Spiral,mountainous,dry,medium,5,300000,0.07702477668326564,2.749957083300081e-07,55.00000000000001,19.89627583651522,300.00000000000057
55,Concentric,mountainous,dry,medium,5,300000,0.07469833462184045,2.0672505685688747e-07,55.00000000000001,19.83379915215136,300.0000000000006
55,Pizza,mountainous,dry,medium,5,300000,0.07086860630402557,5.072336151773193e-06,53.0,19.436370453994588,300.0000000000007
56,RandomWalk,mountainous,dry,medium,5,300000,0.02578992740338726,0.00026323015203753245,9.0,3.1573637924024394,299.9999999999997
56,Greedy,mountainous,dry,medium,5,300000,0.09644614422603212,0.0034093061621174106,31.0,6.365126468217945,299.99999999999966
56,Spiral,mountainous,dry,medium,5,300000,0.11567222443977633,0.0005303409414136476,33.0,19.896275836515727,300.0000000000008
56,Concentric,mountainous,dry,medium,5,300000,0.11620758437776536,0.0006094648588758082,33.0,19.833799152151613,300.0
56,Pizza,mountainous,dry,medium,5,300000,0.1398811885008169,0.0009253021783435409,56.00000000000001,19.436370453994783,299.9999999999999
57,RandomWalk,mountainous,dry,medium,5,300000,0.036899544993845214,0.0009048437881850624,8.0,2.431160527780376,300.00000000000006
57,Greedy,mountainous,dry,medium,5,300000,0.1534993589638737,0.0053365464422167426,53.0,8.131833562905845,300.00000000000017
57,Spiral,mountainous,dry,medium,5,300000,0.1576763627612592,0.00045816944973188755,57.99999999999999,19.896275836515795,300.00000000000017
57,Concentric,mountainous,dry,medium,5,300000,0.15628484833554035,0.00039631856271531894,55.00000000000001,19.83379915215172,300.0
57,Pizza,mountainous,dry,medium,5,300000,0.18250446792246236,0.0007038692787780057,77.0,19.43637045399442,300.0000000000001
58,RandomWalk,mountainous,dry,medium,5,300000,0.028220341488325577,0.0003949986536021181,16.0,4.029166506042609,299.9999999999991
58,Greedy,mountainous,dry,medium,5,300000,0.11103604451270889,0.001608631922885585,56.00000000000001,13.138268064017586,300.0000000000002
58,Spiral,mountainous,dry,medium,5,300000,0.12345811909024544,0.00036886955683263016,61.0,19.89627583651532,300.00000000000045
58,Concentric,mountainous,dry,medium,5,300000,0.12173670497400248,0.00037452573677630295,66.0,19.833799152151272,300.0000000000003
58,Pizza,mountainous,dry,medium,5,300000,0.13007668241974166,0.0007761773999546001,69.0,19.436370453994513,300.0000000000006
59,RandomWalk,mountainous,dry,medium,5,300000,0.025290151855717397,0.0004680688563642243,7.000000000000001,3.5115696485021517,299.9999999999999
59,Greedy,mountainous,dry,medium,5,300000,0.09170924924568309,0.001822554074309242,39.0,9.109148694512081,299.9999999999995
59,Spiral,mountainous,dry,medium,5,300000,0.13366794615292382,0.00031182510901702176,52.0,19.896275836515628,300.00000000000017
59,Concentric,mountainous,dry,medium,5,300000,0.13087141859354676,0.00032396073700932703,44.0,19.83379915215168,299.99999999999983
59,Pizza,mountainous,dry,medium,5,300000,0.14831319643063817,0.0010463220014586647,53.0,19.436370453994407,300.0000000000001
60,RandomWalk,mountainous,dry,medium,5,300000,0.048145681580664616,0.001189420860762773,19.0,4.775793148850804,299.99999999999966
60,Greedy,mountainous,dry,medium,5,300000,0.18082844953088753,0.0015246592846675825,59.0,16.495591865522155,299.99999999999966
60,Spiral,mountainous,dry,medium,5,300000,0.17227026603704954,0.0003586200608802699,56.00000000000001,19.89627583651532,300.00000000000045
60,Concentric,mountainous,dry,medium,5,300000,0.17115418246184008,0.0003610305207071079,59.0,19.833799152151272,300.0000000000003
60,Pizza,mountainous,dry,medium,5,300000,0.18574943461284926,0.0008792441905985377,68.0,19.436370453994513,300.0000000000006
